Region,Rate
HHS Region 01,26.75
HHS Region 02,23.049999999999997
HHS Region 03,29.7
HHS Region 04,33.6
HHS Region 05,28.85
HHS Region 06,32.9
HHS Region 07,29.5
HHS Region 08,33.2
HHS Region 09,32.900000000000006
HHS Region 10,34.55
